{"cameraMode":{"drawMode":0,"name":"Shaded","section":"Shading Mode"},"sceneLighting":true,"audioPlay":false,"sceneViewState":{"showFog":false,"showMaterialUpdate":false,"showSkybox":false,"showFlares":false,"showImageEffects":false,"showParticleSystems":false},"in2DMode":false,"pivot":{"x":254.19627380371095,"y":333.8175048828125,"z":-193.21966552734376},"rotation":{"x":-0.24128514528274537,"y":0.4028623104095459,"z":-0.11098069697618485,"w":-0.8758835792541504},"size":28.12380027770996,"orthographic":false}